epoch,step,train_accuracy,train_f1,train_loss
0,16,0.2339015156030655,0.15116573870182037,2.182385206222534
1,33,0.27272728085517883,0.17394687235355377,2.1620640754699707
